City,Temperature
Ankara,14.63755347135954
Antalya,9.510960765019453
Bursa,16.89272169028573
İstanbul,13.715155383597754
İzmir,13.459221326627478
